id,conversation_id,created_at,date,time,timezone,user_id,username,name,place,tweet,language,mentions,urls,photos,replies_count,retweets_count,likes_count,hashtags,cashtags,link,retweet,quote_url,video,thumbnail,near,geo,source,user_rt_id,user_rt,retweet_id,reply_to,retweet_date,translate,trans_src,trans_dest
1509240289415905284,1509240289415905284,2022-03-30 13:44:59 CDT,2022-03-30,13:44:59,-0500,1349149096909668363,potus,President Biden,,"When I took office about 14 months ago, the pandemic was raging, the economy was reeling, and the deficit was soaring.  Most schools were closed. We didn‚Äôt have enough vaccines. And unemployment claims were sky-high.",en,[],[],[],980,1351,8025,[],[],https://twitter.com/POTUS/status/1509240289415905284,False,,0,,,,,,,,[],,,,
1509222618934616065,1509222618934616065,2022-03-30 12:34:47 CDT,2022-03-30,12:34:47,-0500,1427361863830949908,drjbhattacharya,Jay Bhattacharya,,"There was never any scientific basis for the idea that vaccinated people do not ""carry the virus."" This false idea was the fundamental premise behind the discriminatory vaccine mandate/passport scheme that has violated the civil rights of countless people worldwide.",en,[],[],[],195,2306,6225,[],[],https://twitter.com/DrJBhattacharya/status/1509222618934616065,False,https://twitter.com/KyleMartinsen_/status/1509206752780238851,0,,,,,,,,[],,,,
1509011825593139203,1509011825593139203,2022-03-29 22:37:09 CDT,2022-03-29,22:37:09,-0500,87371781,imani_barbarin,"Imani Barbarin, MAGC | Crutches&Spice ‚ôøÔ∏è",,"Oh also, Autism Speaks is in large part the reason why people believe vaccines cause autism, so if you think their ableism and harm doesn‚Äôt affect you‚Ä¶look around.",en,[],[],[],23,2009,8047,[],[],https://twitter.com/Imani_Barbarin/status/1509011825593139203,False,,0,,,,,,,,[],,,,
1508962451210924040,1508918848262897664,2022-03-29 19:20:58 CDT,2022-03-29,19:20:58,-0500,1276736395390750721,ycsm1n,yasmin,,"also, jim carrey and his ex jenny mccarthy, were the highest profile celebs purveying the myth that vaccines cause autism. they signal boosted fraudulent physician's claims early on and their disinformation of life-saving measures contributed to actual deaths of human beings!",en,[],[],[],59,978,11808,[],[],https://twitter.com/ycsm1n/status/1508962451210924040,False,,0,,,,,,,,[],,,,
1508957932054097923,1508957932054097923,2022-03-29 19:03:00 CDT,2022-03-29,19:03:00,-0500,713752653289955329,jdcocchiarella,Jack Cocchiarella,,Who else is excited to get their 4th COIVD vaccine when it‚Äôs available?,en,[],[],[],1947,820,21132,[],[],https://twitter.com/JDCocchiarella/status/1508957932054097923,False,,0,,,,,,,,[],,,,
1508927875541467137,1508927875541467137,2022-03-29 17:03:34 CDT,2022-03-29,17:03:34,-0500,3180247177,kevinkileyca,Kevin Kiley,,"We've defeated AB 1993, the employer vaccine mandate. The author just announced she will not move it forward.",en,[],[],[],834,3162,21015,[],[],https://twitter.com/KevinKileyCA/status/1508927875541467137,False,,0,,,,,,,,[],,,,
1508906203572850689,1508906203572850689,2022-03-29 15:37:27 CDT,2022-03-29,15:37:27,-0500,806344552718045184,drsimonegold,Dr. Simone Gold,,"Per the New York Times, ‚Äúthe CDC isn‚Äôt publishing large portions of the COVID data it collects.‚Äù  The agency has been reluctant to make those figures public ‚Äúbecause they might be misinterpreted as the vaccines being ineffective.‚Äù  This is scientific fraud and censorship.",en,[],[],[],220,5155,14585,[],[],https://twitter.com/drsimonegold/status/1508906203572850689,False,,0,,,,,,,,[],,,,
1508896465099309059,1508896465099309059,2022-03-29 14:58:45 CDT,2022-03-29,14:58:45,-0500,68116803,lilyaee_,C√©cile,,C‚Äôest a quel moment que les vaccin√©s on devait tous mourir ? Juste pour m‚Äôorganiser les prochains mois svp merci,fr,[],[],[],484,757,6279,[],[],https://twitter.com/lilyaee_/status/1508896465099309059,False,,0,,,,,,,,[],,,,
1508874733777047563,1508874733777047563,2022-03-29 13:32:24 CDT,2022-03-29,13:32:24,-0500,25816369,drdavidsamadi,Dr. David Samadi,,The FDA has now announced that the immunocompromised can get a fifth dose of an mNRA COVID-19 vaccine and those 50 and older can get a fourth booster dose.  What number shot are YOU on?,en,[],[],[],6869,1672,5618,[],[],https://twitter.com/drdavidsamadi/status/1508874733777047563,False,,0,,,,,,,,[],,,,
1508870437844897793,1508870437844897793,2022-03-29 13:15:20 CDT,2022-03-29,13:15:20,-0500,3843191833,k_blacck,DST Abolitionist,,Jim Carrey thinks vaccines cause autism so forgive me for not giving a shit about anything he says.,en,[],[],[],119,3007,20388,[],[],https://twitter.com/K_Blacck/status/1508870437844897793,False,https://twitter.com/TMZ/status/1508866126091997196,0,,,,,,,,[],,,,
1508866531542941705,1508866531542941705,2022-03-29 12:59:49 CDT,2022-03-29,12:59:49,-0500,3383159573,doctor_oxford,Rachel Clarke,,"These attempts to rewrite history are so brazen &amp; disrespectful. 186k people are dead - not least because instead of suppressing the virus until we had vaccines, @BorisJohnson chose to let it rip in two catastrophic waves causing 10s of 1000s of avoidable deaths. Unforgivable.",en,"[{'screen_name': 'borisjohnson', 'name': 'boris johnson', 'id': '3131144855'}]",[],[],173,1639,5510,[],[],https://twitter.com/doctor_oxford/status/1508866531542941705,False,https://twitter.com/jessbrammar/status/1508814176684232712,0,,,,,,,,[],,,,
1508759437569409030,1508759437569409030,2022-03-29 05:54:15 CDT,2022-03-29,05:54:15,-0500,1063839405977337856,sophielouisecc,Sophie Corcoran,,"Covid jabs for 5 to eleven year olds to start next week.   So here‚Äôs a friendly reminder that your five year old, does not need a covid vaccine.",en,[],[],[],450,1061,6287,[],[],https://twitter.com/sophielouisecc/status/1508759437569409030,False,,0,,,,,,,,[],,,,
1508744880180322308,1508744880180322308,2022-03-29 04:56:25 CDT,2022-03-29,04:56:25,-0500,1533342582,victorsinclair3,AuBonTouiteFran√ßais üçæüçæüçæ,,"Je n'en reviens toujours pas qu'apr√®s avoir √©t√© vaccin√©s, 3 fois en 8 mois, les gens trouvent parfaitement normal d'attraper le Covid et r√©p√®tent stupidement l'un des mantras les plus d√©biles de l'histoire de la m√©decine (""Oui mais √ßa emp√™che les formes graves"")",fr,[],[],[],487,2994,8006,[],[],https://twitter.com/VictorSinclair3/status/1508744880180322308,False,,0,,,,,,,,[],,,,
1508735030658539521,1508735030658539521,2022-03-29 04:17:16 CDT,2022-03-29,04:17:16,-0500,18643437,prisonplanet,Paul Joseph Watson,,"A vaccine so good, you get given 8 COVID tests after taking a fourth dose of it. ü•¥",en,[],[],[],633,1959,16457,[],[],https://twitter.com/PrisonPlanet/status/1508735030658539521,False,https://twitter.com/kathygriffin/status/1507536511348068352,0,,,,,,,,[],,,,
1508667781205708803,1508667781205708803,2022-03-28 23:50:03 CDT,2022-03-28,23:50:03,-0500,1476707647890022403,drthompson22,Dr Thompson,,Every hour I think about how the government would rather kill kids than admit the vaccine isn‚Äôt so safe or effective.,en,[],[],[],298,3442,12127,[],[],https://twitter.com/DrThompson22/status/1508667781205708803,False,,0,,,,,,,,[],,,,
1508562475721056266,1508562475721056266,2022-03-28 16:51:36 CDT,2022-03-28,16:51:36,-0500,975200486,repthomasmassie,Thomas Massie,,"The government lied to you about natural immunity, the efficacy of masks, the definition of vaccine, and possible origins of the virus. Now Congress wants the government to write the ‚ÄúHistory of COVID-19‚Äù? If this gets a vote this week, I‚Äôll be a No.  https://t.co/SnCAt1vq4A",en,[],[],['https://pbs.twimg.com/media/FO99kyfXwAshTbl.jpg'],289,2120,7231,[],[],https://twitter.com/RepThomasMassie/status/1508562475721056266,False,,1,https://pbs.twimg.com/media/FO99kyfXwAshTbl.jpg,,,,,,,[],,,,
1508516695744393218,1508516695744393218,2022-03-28 13:49:41 CDT,2022-03-28,13:49:41,-0500,1108027382861053952,stephan_nyc,Stephan üá∫üá≤,,The queen of the vaccine died ü•¥üòµ‚Äçüí´‚ò†Ô∏è‚ö∞Ô∏è those are really kill shots...just a matter of time.  https://t.co/FiQ4P5namO,en,[],[],['https://pbs.twimg.com/media/FO9T8NSWUAM0rFd.jpg'],864,5737,10397,[],[],https://twitter.com/stephan_nyc/status/1508516695744393218,False,,1,https://pbs.twimg.com/media/FO9T8NSWUAM0rFd.jpg,,,,,,,[],,,,
1508508782049075201,1508508782049075201,2022-03-28 13:18:15 CDT,2022-03-28,13:18:15,-0500,1290778158254428168,michell92668981,Michelle The Unacceptable LAüá®üá¶,,"I want to follow like minded people. If you are against vaccine mandates, travel restrictions, segregation, and just tired of our governments corruption please let's be friends. We need to connect now more than ever. We need to come together and find our strength in numbers.",en,[],[],[],900,1753,12463,[],[],https://twitter.com/Michell92668981/status/1508508782049075201,False,,0,,,,,,,,[],,,,
1508472182162087938,1508472182162087938,2022-03-28 10:52:48 CDT,2022-03-28,10:52:48,-0500,2461810448,teampelosi,Nancy Pelosi,,"Democrats are working to save lives and lower costs with a budget that keeps vaccines, testing and treatment free.  Republicans are plotting to block funding, kill the ACA, sunset Social Security, and raise taxes for nearly 1/2 of U.S. workers.  Vote accordingly #MondayMotivation",en,[],[],[],382,2701,6366,['mondaymotivation'],[],https://twitter.com/TeamPelosi/status/1508472182162087938,False,,0,,,,,,,,[],,,,
1508401056358744066,1508401056358744066,2022-03-28 06:10:11 CDT,2022-03-28,06:10:11,-0500,36722806,keggs719,Meghan Maureen,,Nothing says confidence in your vaccine like getting 8 free tests to find out if you have the thing you got 4 shots for ü§°ü§°ü§°ü§°,en,[],[],[],752,4668,29515,[],[],https://twitter.com/Keggs719/status/1508401056358744066,False,https://twitter.com/kathygriffin/status/1507536511348068352,0,,,,,,,,[],,,,
1508244576620138497,1508244576620138497,2022-03-27 19:48:23 CDT,2022-03-27,19:48:23,-0500,1184083789619683328,therealrukshan,real Rukshan,,"Fully vaccinated and masked Premier tests positive after attending event using vaccine passport system. That's it, that's the tweet.  https://t.co/haxuVrKZYK",en,[],[],['https://pbs.twimg.com/media/FO5ccTlaIAMZ6y2.jpg'],1840,9001,37655,[],[],https://twitter.com/therealrukshan/status/1508244576620138497,False,,1,https://pbs.twimg.com/media/FO5ccTlaIAMZ6y2.jpg,,,,,,,[],,,,
1508234341733879810,1508234341733879810,2022-03-27 19:07:43 CDT,2022-03-27,19:07:43,-0500,6742412,jennybethm,Jenny Beth Martin,,BREAKING: Moderna is approaching the FDA for emergency use authorization of COVID-19 vaccines in children as young as 6 months old.  Who here opposes this request? ‚úã,en,[],[],[],1022,1879,10937,[],[],https://twitter.com/jennybethm/status/1508234341733879810,False,,0,,,,,,,,[],,,,
1508227517072691201,1507536511348068352,2022-03-27 18:40:36 CDT,2022-03-27,18:40:36,-0500,285794441,davewithington1,Dave Withington,,@kathygriffin Four vaccines and you still need to test for the thing you‚Äôre vaxxed against?,en,[],[],[],78,209,6457,[],[],https://twitter.com/DaveWithington1/status/1508227517072691201,False,,0,,,,,,,,"[{'screen_name': 'kathygriffin', 'name': 'Kathy Griffin', 'id': '21148293'}]",,,,
1508215153648492544,1508215153648492544,2022-03-27 17:51:28 CDT,2022-03-27,17:51:28,-0500,1150524293572366339,blueslots,Blue Room Slots üá®üá¶ (Injured by the Vax),,What this vaccine has done to me Ruined my heart (possibly permanently)  Ruined my relationships Left me isolated. Left me jobless. Left me hopeless. Barely holding on to my apartment. Everyday I would go for long walks. Not anymore. Haven't had a haircut in 7+ months. etc..,en,[],[],[],475,1898,5552,[],[],https://twitter.com/BlueSlots/status/1508215153648492544,False,,0,,,,,,,,[],,,,
1508174111595409410,1508174111595409410,2022-03-27 15:08:23 CDT,2022-03-27,15:08:23,-0500,1452497500892327940,xijennyyang,"Jenny Yang, MD.",,"It's amazing how everything gives you heart attacks or strokes or blood clots these days, except for covid19 vaccines which fact checkers have shown are safe and effective.",en,[],[],[],154,2342,8396,[],[],https://twitter.com/XiJennyYang/status/1508174111595409410,False,,0,,,,,,,,[],,,,
1508102554328129536,1508102554328129536,2022-03-27 10:24:02 CDT,2022-03-27,10:24:02,-0500,2706447598,oltuncel,Rene Tuncel,,"In the Pfizer trials, more people died in the vaccine group than in the placebo group, and it takes 22,000 vaccines to save one life from COVID.  Steve Kirsch: ""So you killed 150,000 in order to maybe save 10,000 lives.""  @VigilantFox | Rumble Clip | Full Video  https://t.co/I8kanXz3fb",en,"[{'screen_name': 'vigilantfox', 'name': 'the vigilant fox ü¶ä', 'id': '191871143'}]",[],[],113,4117,5701,[],[],https://twitter.com/OlTuncel/status/1508102554328129536,False,,1,https://pbs.twimg.com/ext_tw_video_thumb/1508102438775050247/pu/img/WCZgMk8Gv0fyUdq3.jpg,,,,,,,[],,,,
1508090827435876361,1508090827435876361,2022-03-27 09:37:26 CDT,2022-03-27,09:37:26,-0500,3140868280,sailorrooscout,Chise üß¨üß´ü¶†üíâ,,Them: Is there any other vaccine in history that required three doses in a year and yet still didn‚Äôt fully prevent transmission of the virus it was meant to protect against?  Me: Your childhood vaccinations would like a word with you.  https://t.co/coBeV8hWW2,en,[],[],['https://pbs.twimg.com/media/FO3QnTmXIAcQYoO.jpg'],106,1642,5358,[],[],https://twitter.com/sailorrooscout/status/1508090827435876361,False,,1,https://pbs.twimg.com/media/FO3QnTmXIAcQYoO.jpg,,,,,,,[],,,,
1508066333245726721,1508066333245726721,2022-03-27 08:00:07 CDT,2022-03-27,08:00:07,-0500,105787712,s11e11b11a,YouDontNeedToKnowMyName,,UCT is withdrawing it's Mandatory Vaccine Policy ü§£ü§≠,en,[],[],[],175,1108,5506,[],[],https://twitter.com/S11E11B11A/status/1508066333245726721,False,,0,,,,,,,,[],,,,
1508037626418237445,1508037626418237445,2022-03-27 06:06:02 CDT,2022-03-27,06:06:02,-0500,1331455595912724482,sherloc98788726,Sherlock Holmes,,"In case you missed this from me earlier on, Pfizer just recalled two drugs.  One on the market for 3 years.¬† One on the market for 20 years.  Both went through studies, trials &amp; were fully approved.  Both now linked to Cancers.  But hey, I'm sure the WARP SPEED¬†vaccines are safe?",en,[],[],[],93,2702,5567,[],[],https://twitter.com/Sherloc98788726/status/1508037626418237445,False,,0,,,,,,,,[],,,,
1507893188769497096,1507893188769497096,2022-03-26 20:32:06 CDT,2022-03-26,20:32:06,-0500,1029094268542099457,lancegooden,Lance Gooden,,"Pro-athletes are exempted from NYC's vaccine mandate, but regular New Yorkers are not.  Remember this when Democrats claim to care about working Americans.",en,[],[],[],214,2119,8634,[],[],https://twitter.com/Lancegooden/status/1507893188769497096,False,,0,,,,,,,,[],,,,
1507870240478273542,1507870240478273542,2022-03-26 19:00:54 CDT,2022-03-26,19:00:54,-0500,77486927,martymakary,"Marty Makary MD, MPH",,CDC has a civic duty to do rigorously study the long-term effects of vaccine-induced myocarditis. New follow-up study 3-8 months after myocarditis shows the MRI heart abnormality of late gadolinium enhancement seen in 63% of children. Merits further study.  https://t.co/klPVsnqrkc,en,[],['https://www.jpeds.com/article/S0022-3476(22)00282-7/fulltext#%20'],[],327,5264,10969,[],[],https://twitter.com/MartyMakary/status/1507870240478273542,False,,0,,,,,,,,[],,,,
1507831803469447168,1507831803469447168,2022-03-26 16:28:10 CDT,2022-03-26,16:28:10,-0500,1433663944267210753,charmchris3,chris,,"Need your prayers, my sister is so sick from this booster, she has a flu thats gone into her lungs, last words before she went unconscious was, ""chrissy you were right, i should never have taken this vaccine""...I cant believe this is happening. DONT TAKE ANYMORE VACCINES!",en,[],[],[],487,1736,5376,[],[],https://twitter.com/charmchris3/status/1507831803469447168,False,,0,,,,,,,,[],,,,
1507825180785082369,1507823993776005127,2022-03-26 16:01:51 CDT,2022-03-26,16:01:51,-0500,11212862,katystoll,Katy Stoll,,Again. I am grateful for the vaccine and would do it again. I do not worry about my fertility in anyway. But we can't just ignore the reality of this simply because we don't want to legitimize peoples fears.,en,[],[],[],786,364,12470,[],[],https://twitter.com/katystoll/status/1507825180785082369,False,,0,,,,,,,,[],,,,
1507824791222296581,1507823993776005127,2022-03-26 16:00:18 CDT,2022-03-26,16:00:18,-0500,11212862,katystoll,Katy Stoll,,"The only thing I've seen about it said ""yes, it seems the vaccine affects menstruation but it's minor"" but I'm telling you- what I'm experiencing and what other people have shared with me is that this is not minor. Excruciating symptoms, and delayed periods of up to two weeks.",en,[],[],[],263,680,14141,[],[],https://twitter.com/katystoll/status/1507824791222296581,False,,0,,,,,,,,[],,,,
1507766870312583169,1507766870312583169,2022-03-26 12:10:09 CDT,2022-03-26,12:10:09,-0500,1390669327,danielkotzin,Daniel Kotzin,,"Mandating a vaccine without first conducting rigorous, long-term safety studies is evil.  Mandating a vaccine that does not severely curtail transmission is tyranny.  Mandating a vaccine without exempting those who have naturally-acquired immunity is demonic.",en,[],[],[],164,2037,6760,[],[],https://twitter.com/danielkotzin/status/1507766870312583169,False,,0,,,,,,,,[],,,,
1507709502879113222,1507709502879113222,2022-03-26 08:22:12 CDT,2022-03-26,08:22:12,-0500,1398095430152605700,bipolarme81,ü§éThoughtüí≠Criminalü§é,,"Robert F. Kennedy Jr:  ""Your chance of dying of a heart attack from that vaccine, according to their own studies, is 500% greater than if you're unvaccinated. So they knew they were going to kill a lot of people, and they did it anyway.""",en,[],[],[],407,10378,22154,[],[],https://twitter.com/BipolarMe81/status/1507709502879113222,False,,0,,,,,,,,[],,,,
1507459797263654925,1507459797263654925,2022-03-25 15:49:57 CDT,2022-03-25,15:49:57,-0500,1915033663,davidhogg111,David Hogg üåª,,Has anyone else made it through the pandemic so far without having covid?   Though vaccines are not 100% effective I think it's probably the only reason I haven't gotten covid yet.  I can't believe I have made it this far.,en,[],[],[],6704,1333,42428,[],[],https://twitter.com/davidhogg111/status/1507459797263654925,False,,0,,,,,,,,[],,,,
1507450850691764231,1507450850691764231,2022-03-25 15:14:24 CDT,2022-03-25,15:14:24,-0500,380268462,steve_vladeck,Steve Vladeck,,"#BREAKING: Over dissents from Justices Thomas, Alito, and Gorsuch, #SCOTUS grants Biden Administration request for partial stay of district court injunction that had blocked the Navy's vaccine mandate as applied to 26 Navy SEALs.",en,[],[],[],145,1243,7462,"['breaking', 'scotus']",[],https://twitter.com/steve_vladeck/status/1507450850691764231,False,,0,,,,,,,,[],,,,
1507399208965447737,1507399208965447737,2022-03-25 11:49:12 CDT,2022-03-25,11:49:12,-0500,18643437,prisonplanet,Paul Joseph Watson,,"Apparently ‚Äúscience‚Äù can assure the safety of 3 or 4 vaccines within a year, but doesn‚Äôt know what a woman is.",en,[],[],[],209,3693,19553,[],[],https://twitter.com/PrisonPlanet/status/1507399208965447737,False,,0,,,,,,,,[],,,,
1507364603302449159,1507364603302449159,2022-03-25 09:31:41 CDT,2022-03-25,09:31:41,-0500,1238893377866907649,steven41849941,Steven,,"My wife &amp; I both have the covid, she is vaccinated I‚Äôm not. I would say she‚Äôs more unwell with it then I am. So what are the vaccines for?",en,[],[],[],1672,1963,10164,[],[],https://twitter.com/Steven41849941/status/1507364603302449159,False,,0,,,,,,,,[],,,,
1507364257297543195,1507364257297543195,2022-03-25 09:30:19 CDT,2022-03-25,09:30:19,-0500,915213386366951425,mylove_des,vaccine vixen,,"that‚Äôs the LITERAL role of a godparent. The reasoning for a Godparent is that if anything happens to the biological, your children have someone to fall back on. do not accept the role of a godparent if you cannot or will not do such",en,[],[],[],125,19406,86117,[],[],https://twitter.com/Mylove_Des/status/1507364257297543195,False,https://twitter.com/lipstickalley/status/1507075195349217283,0,,,,,,,,[],,,,
1507360894791081997,1507113208200450060,2022-03-25 09:16:57 CDT,2022-03-25,09:16:57,-0500,915213386366951425,mylove_des,vaccine vixen,,"Ima say this. White People literally hate every other race. If you look at history, them mfs have attacked EVERYONE. they preach ‚ÄúPOC‚Äù solidarity but everyone is against black people. White folks was finna toss all asians overseas because of COVID üíÄüíÄüíÄüíÄüíÄüíÄüíÄüíÄüíÄ",en,[],[],[],33,631,6846,[],[],https://twitter.com/Mylove_Des/status/1507360894791081997,False,,0,,,,,,,,[],,,,
1507140985335083013,1507140985335083013,2022-03-24 18:43:06 CDT,2022-03-24,18:43:06,-0500,1490505307792953344,godsgirl77777,Gods girl,,Raise your hand if you will NEVER take the vaccine!üôã‚Äç‚ôÄÔ∏è  I want to follow you!,en,[],[],[],1048,482,6401,[],[],https://twitter.com/Godsgirl77777/status/1507140985335083013,False,,0,,,,,,,,[],,,,
1507113208200450060,1507113208200450060,2022-03-24 16:52:44 CDT,2022-03-24,16:52:44,-0500,915213386366951425,mylove_des,vaccine vixen,,white people had them in concentration camps but we tell them stop saying nigga and awkwafina has a blaccent and suddenly we‚Äôve wronged them racially LMFAAAOOOO,en,[],[],[],321,12447,58460,[],[],https://twitter.com/Mylove_Des/status/1507113208200450060,False,https://twitter.com/V1RTUAL0V3R/status/1507022207154806784,0,,,,,,,,[],,,,
1507082726813290504,1507082726813290504,2022-03-24 14:51:36 CDT,2022-03-24,14:51:36,-0500,291438698,legionhoops,Legion Hoops,,"As it stands now, the 8-seed Nets would play the 7-seed Raptors in Toronto in the first play-in game.  Kyrie wouldn‚Äôt be allowed to play due to Canada‚Äôs vaccine laws. üëÄ  https://t.co/yH4Ea12pxO",en,[],[],['https://pbs.twimg.com/media/FOo7wNCVUBciWe1.jpg'],180,481,7937,[],[],https://twitter.com/LegionHoops/status/1507082726813290504,False,,1,https://pbs.twimg.com/media/FOo7wNCVUBciWe1.jpg,,,,,,,[],,,,
1507058485074309129,1507058485074309129,2022-03-24 13:15:17 CDT,2022-03-24,13:15:17,-0500,17469289,nypost,New York Post,,Fired NYC workers want to sue Adams over athlete vaccine exemption: lawyers  https://t.co/jxo2whrnuU  https://t.co/eNtu4YSHv8,en,[],['https://trib.al/tUyVReF'],['https://pbs.twimg.com/media/FOoltMJXIAIKqyJ.jpg'],971,2949,19051,[],[],https://twitter.com/nypost/status/1507058485074309129,False,,1,https://pbs.twimg.com/media/FOoltMJXIAIKqyJ.jpg,,,,,,,[],,,,
1507046033691394053,1507046033691394053,2022-03-24 12:25:48 CDT,2022-03-24,12:25:48,-0500,1223748060406341634,m_t_l514,3 ~ VaccineInjuries.ca,,"Adam Konrad, 41, received the first dose of the Pfizer vaccine on April 23, 2021.  At 3 weeks he had a first heart attack and in five months he has had 5 heart attacks.  https://t.co/c1MjozTLHX",en,[],[],"['https://pbs.twimg.com/media/FOoaYPEWYAQWIhp.jpg', 'https://pbs.twimg.com/media/FOoaYYQXEAconrb.jpg']",420,6923,11537,[],[],https://twitter.com/M_T_L514/status/1507046033691394053,False,,1,https://pbs.twimg.com/media/FOoaYPEWYAQWIhp.jpg,,,,,,,[],,,,
1507024179694026755,1507024179694026755,2022-03-24 10:58:58 CDT,2022-03-24,10:58:58,-0500,890891,bleacherreport,Bleacher Report,,Kyrie Irving is officially cleared to play in home games after NYC Mayor Eric Adams announced an exemption to the city‚Äôs vaccine mandate for pro athletes and performers  https://t.co/EDV2HsLeUw,en,[],[],['https://pbs.twimg.com/media/FOoGcsgXMAgcojG.jpg'],716,4374,38491,[],[],https://twitter.com/BleacherReport/status/1507024179694026755,False,,1,https://pbs.twimg.com/media/FOoGcsgXMAgcojG.jpg,,,,,,,[],,,,
1507023862097080320,1507023862097080320,2022-03-24 10:57:42 CDT,2022-03-24,10:57:42,-0500,2233154425,stephenking,Stephen King,,NY Mayor lifts vaccine mandates for famous people.,en,[],[],[],525,831,7336,[],[],https://twitter.com/StephenKing/status/1507023862097080320,False,,0,,,,,,,,[],,,,
1506970392820391936,1506970392820391936,2022-03-24 07:25:14 CDT,2022-03-24,07:25:14,-0500,1271162030393896968,logically_jc,John Collins,,"Republicans: If the vaccine works, why do we need boosters?  For the same reason the Tylenol I took yesterday isn‚Äôt preventing the headache caused by you today.",en,[],[],[],682,5895,35819,[],[],https://twitter.com/Logically_JC/status/1506970392820391936,False,,0,,,,,,,,[],,,,
1506957031919525891,1506957031919525891,2022-03-24 06:32:08 CDT,2022-03-24,06:32:08,-0500,396185642,lx_x_leanne_x_x,Leanne,,"So it official, I held my ground and didn't get the vaccine and now the care home I work for has notified me that all meetings will end and my job is secure. They finally received the govt guidance and I won üí™üèºüòÇ",en,[],[],[],3390,5016,51697,[],[],https://twitter.com/lx_x_leanne_x_x/status/1506957031919525891,False,,0,,,,,,,,[],,,,
1506948638714564609,1506948638714564609,2022-03-24 05:58:47 CDT,2022-03-24,05:58:47,-0500,1432031941596000256,ginasaysso,Gina,,"My friend lost her healthy, athletic, 42 year old husband to a 'heart episode' in his sleep exactly 2 weeks after his Pfizer booster. She wasn't allowed to publish an obituary attributing death to the vaccine. She was told, 'Vaccine attribution is off limits given the pandemic.'",en,[],[],[],1024,10270,22668,[],[],https://twitter.com/GinaSaysSo/status/1506948638714564609,False,,0,,,,,,,,[],,,,
1506939691773227009,1506939691773227009,2022-03-24 05:23:14 CDT,2022-03-24,05:23:14,-0500,804921461160849408,sean_shinil_kim,Sean Kim,,The real science is clear. You should never rush a vaccine trial and approval process. You should never claim it is safe and effective until you have a long term data to prove it. You should never mandate or inject people by coercion. It is criminal.,en,[],[],[],500,8306,26236,[],[],https://twitter.com/Sean_Shinil_Kim/status/1506939691773227009,False,,0,,,,,,,,[],,,,
1506886726467596290,1506886726467596290,2022-03-24 01:52:46 CDT,2022-03-24,01:52:46,-0500,1165137649188737025,saravic333,Sara Victoria üá¶üá∫üá¶üá∫üá¶üá∫ü•Ç,,Thanking a 'vaccine' when you get 'covid' is like thanking a condom when you get pregnant.,en,[],[],[],1077,8006,34716,[],[],https://twitter.com/SaraVic333/status/1506886726467596290,False,,0,,,,,,,,[],,,,
1506832813923917827,1506832813923917827,2022-03-23 22:18:33 CDT,2022-03-23,22:18:33,-0500,1367578656856547331,sciencewdrdoug,Dr. Doug Corrigan,,I‚Äôve never seen so many people thank a vaccine for failing at being a vaccine. Maybe they feel compelled to thank it because the vaccine identifies as a vaccine.,en,[],[],[],211,1398,8374,[],[],https://twitter.com/ScienceWDrDoug/status/1506832813923917827,False,,0,,,,,,,,[],,,,
1506779105789984771,1506779105789984771,2022-03-23 18:45:08 CDT,2022-03-23,18:45:08,-0500,1043185714437992449,catturd2,Catturd ‚Ñ¢,,"Are we supposed to be worshipping Fauci, Zelensky or vaccines this week?",en,[],[],[],1050,2596,15745,[],[],https://twitter.com/catturd2/status/1506779105789984771,False,,0,,,,,,,,[],,,,
1506778096120352770,1506778096120352770,2022-03-23 18:41:07 CDT,2022-03-23,18:41:07,-0500,375721095,breaking911,Breaking911,,"NYC to lift vaccine mandate for athletes, allowing Nets' Kyrie Irving and unvaccinated Yankees and Mets to play home games - WNBC",en,[],[],[],602,1120,7617,[],[],https://twitter.com/Breaking911/status/1506778096120352770,False,,0,,,,,,,,[],,,,
1506762666240614402,1506762666240614402,2022-03-23 17:39:48 CDT,2022-03-23,17:39:48,-0500,1111768307886145537,drguru_,Guru,,NYC changed the vaccine mandate on Kyrie Irving‚Äôs birthday.   You can‚Äôt make this up üò≠,en,[],[],[],55,701,7098,[],[],https://twitter.com/DrGuru_/status/1506762666240614402,False,,0,,,,,,,,[],,,,
1506760768787652609,1506760768787652609,2022-03-23 17:32:16 CDT,2022-03-23,17:32:16,-0500,178580925,shamscharania,Shams Charania,,Sources: Brooklyn Nets star Kyrie Irving will be cleared for home games as New York City will on Thursday change private sector vaccine mandate to allow exemption for athletes and entertainers in workplace. Unvaccinated Yankees and Mets players also now eligible for home games.,en,[],[],[],2007,8493,41049,[],[],https://twitter.com/ShamsCharania/status/1506760768787652609,False,,0,,,,,,,,[],,,,
1506759544625532930,1506759544625532930,2022-03-23 17:27:24 CDT,2022-03-23,17:27:24,-0500,890891,bleacherreport,Bleacher Report,,"There‚Äôs ‚Äòcautious optimism‚Äô that NYC‚Äôs vaccine mandate will be amended so that the city‚Äôs unvaccinated athletes can play in home games, per @wojespn, @JeffPassan  https://t.co/ICZPKpTs1i",en,"[{'screen_name': 'wojespn', 'name': 'adrian wojnarowski', 'id': '50323173'}, {'screen_name': 'jeffpassan', 'name': 'jeff passan', 'id': '33857883'}]",[],['https://pbs.twimg.com/media/FOkVtOaVsAQsRt7.jpg'],160,458,6025,[],[],https://twitter.com/BleacherReport/status/1506759544625532930,False,,1,https://pbs.twimg.com/media/FOkVtOaVsAQsRt7.jpg,,,,,,,[],,,,
1506757280577961985,1506757280577961985,2022-03-23 17:18:24 CDT,2022-03-23,17:18:24,-0500,291438698,legionhoops,Legion Hoops,,"BREAKING: The New York Mayor is expected to lift the vaccine mandate for performers and athletes, via @politicony.  Full-time Kyrie coming soon. üëÄ  https://t.co/aDQkHXGDEj",en,"[{'screen_name': 'politicony', 'name': 'politico new york', 'id': '140928543'}]",[],['https://pbs.twimg.com/media/FOkTwtZUYAAagh-.jpg'],182,1327,9138,[],[],https://twitter.com/LegionHoops/status/1506757280577961985,False,,1,https://pbs.twimg.com/media/FOkTwtZUYAAagh-.jpg,,,,,,,[],,,,
1506750475177275392,1506750475177275392,2022-03-23 16:51:22 CDT,2022-03-23,16:51:22,-0500,50323173,wojespn,Adrian Wojnarowski,,Story filed to ESPN w/ @JeffPassan: Progress toward further changes to NYC‚Äôs private-sector vaccine mandate has inspired confidence that Brooklyn‚Äôs Kyrie Irving could be back on court for home games in near future. Yankees and Mets players would be cleared before Opening Day too.,en,"[{'screen_name': 'jeffpassan', 'name': 'jeff passan', 'id': '33857883'}]",[],[],354,1245,6425,[],[],https://twitter.com/wojespn/status/1506750475177275392,False,,0,,,,,,,,[],,,,
1506716987845664768,1506716987845664768,2022-03-23 14:38:18 CDT,2022-03-23,14:38:18,-0500,824472044913983488,miles_commodore,Miles Commodore,,"We got a vaccine for COVID in eight months, but no cure for cancer with billions of dollars over 50 years?  ü§î",en,[],[],[],1042,1639,9355,[],[],https://twitter.com/miles_commodore/status/1506716987845664768,False,,0,,,,,,,,[],,,,
1506710559143731203,1506709970406055947,2022-03-23 14:12:45 CDT,2022-03-23,14:12:45,-0500,1349512832962977793,waytoo6ixy,AB,,@TheNBACentral When you‚Äôre playing pick up basketball and your team mate randomly dies on defence from their vaccine  https://t.co/sj5tZcAPwm,en,[],[],['https://pbs.twimg.com/media/FOjpRI3XoAcbwwa.jpg'],20,504,7448,[],[],https://twitter.com/WayToo6ixy/status/1506710559143731203,False,,1,https://pbs.twimg.com/media/FOjpRI3XoAcbwwa.jpg,,,,,,,"[{'screen_name': 'TheNBACentral', 'name': 'NBACentral', 'id': '1548977419'}]",,,,
1506591649132130304,1506591649132130304,2022-03-23 06:20:14 CDT,2022-03-23,06:20:14,-0500,211658442,maskedannie5,Masked Annie,,Why are all the elites tweeting that they ‚Äútested positive‚Äù and thanking their vaccines?,en,[],[],[],1286,1409,9038,[],[],https://twitter.com/maskedannie5/status/1506591649132130304,False,,0,,,,,,,,[],,,,
1506577634871988226,1506577634871988226,2022-03-23 05:24:33 CDT,2022-03-23,05:24:33,-0500,18643437,prisonplanet,Paul Joseph Watson,,Jen Psaki.  Triple jabbed.  COVID positive. For the second time.  Psaki thanks the vaccine.,en,[],[],[],685,2071,15931,[],[],https://twitter.com/PrisonPlanet/status/1506577634871988226,False,,0,,,,,,,,[],,,,
1506445032236142592,1506445032236142592,2022-03-22 20:37:38 CDT,2022-03-22,20:37:38,-0500,1322260614362898433,ladyspaulding11,Lady Spaulding,,"Getting covid and then praising the vaccine for how well it works because it ""would have been worse"" is like going to weight watchers and gaining 50 pounds but thanking ww because you didn't gain 100.",en,[],[],[],237,3580,12825,[],[],https://twitter.com/LadySpaulding11/status/1506445032236142592,False,,0,,,,,,,,[],,,,
1506409159989739521,1506409159989739521,2022-03-22 18:15:06 CDT,2022-03-22,18:15:06,-0500,3065301110,nbsaphiermd,"Nicole Saphier, MD",,"It intrigues me how everyone who tests positive for SARS-CoV-2 credits the vaccine for their mild symptoms. It‚Äôs as though they have never heard of a blinded, randomized controlled trial.",en,[],[],[],555,1846,12606,[],[],https://twitter.com/NBSaphierMD/status/1506409159989739521,False,,0,,,,,,,,[],,,,
1506397903765581836,1506397903765581836,2022-03-22 17:30:22 CDT,2022-03-22,17:30:22,-0500,1339835893,hillaryclinton,Hillary Clinton,,"Well, I've tested positive for COVID. I've got some mild cold symptoms but am feeling fine. I'm more grateful than ever for the protection vaccines can provide against serious illness. Please get vaccinated and boosted if you haven't already!",en,[],[],[],20918,11543,151157,[],[],https://twitter.com/HillaryClinton/status/1506397903765581836,False,,0,,,,,,,,[],,,,
1506356337646747652,1506356337646747652,2022-03-22 14:45:12 CDT,2022-03-22,14:45:12,-0500,464076088,awgaffney,Adam W Gaffney,,Federal coverage for COVID-19 treatment and testing for the uninsured ends today.    Coverage for vaccine administration for the uninsured ends in about two weeks.    The rationing of COVID-care by ability to pay begins.,en,[],[],[],229,4831,8202,[],[],https://twitter.com/awgaffney/status/1506356337646747652,False,,0,,,,,,,,[],,,,
1506332513320374275,1506332513320374275,2022-03-22 13:10:32 CDT,2022-03-22,13:10:32,-0500,3180247177,kevinkileyca,Kevin Kiley,,A federal court has found a D.C. law removing parental consent for the COVID vaccine to be unconstitutional. California's similar bill should be withdrawn immediately.,en,[],[],[],75,1713,6664,[],[],https://twitter.com/KevinKileyCA/status/1506332513320374275,False,,0,,,,,,,,[],,,,
1506324580960452608,1506324577814827021,2022-03-22 12:39:00 CDT,2022-03-22,12:39:00,-0500,1349170292564905988,presssec,Jen Psaki,,"Thanks to the vaccine, I have only experienced mild symptoms. In alignment with White House COVID-19 protocols, I will work from home and plan to return to work in person at the conclusion of a five-day isolation period and a negative test.",en,[],[],[],3780,1448,26676,[],[],https://twitter.com/PressSec/status/1506324580960452608,False,,0,,,,,,,,[],,,,
1506290259826520067,1506290259826520067,2022-03-22 10:22:38 CDT,2022-03-22,10:22:38,-0500,18128717,7veritas4,Smite‚ö°Ô∏è,,Truckers protesting masks and vaccines are catching Covid.   The idiot masterpiece is complete.,en,[],[],[],369,1511,13295,[],[],https://twitter.com/7Veritas4/status/1506290259826520067,False,,0,,,,,,,,[],,,,
1505780055489716226,1505780055489716226,2022-03-21 00:35:15 CDT,2022-03-21,00:35:15,-0500,1426227719470157827,kimiversenshow,Kim Iversen,,"People really need to stop calling others ""anti-vaxx"" or ""vaccine skeptics"". The data is in...the people who were wildly wrong were the people swearing up and down that if you got the vax you wouldn't get or spread covid.",en,[],[],[],589,4750,21342,[],[],https://twitter.com/KimIversenShow/status/1505780055489716226,False,,0,,,,,,,,[],,,,
1505751687302156290,1505751687302156290,2022-03-20 22:42:32 CDT,2022-03-20,22:42:32,-0500,16964008,katewillett,Kate Willett,,The CIA conducted a sham vaccination program in Pakistan to try to find Bin Laden to collect DNA from people in the neighborhood where he was hiding and now it‚Äôs resulted in a bunch of Polio cases and the murder of legit vaccine workers,en,[],[],[],188,12255,55276,[],[],https://twitter.com/katewillett/status/1505751687302156290,False,https://twitter.com/ericmgarcia/status/1505710196739514373,0,,,,,,,,[],,,,
1505706338285989895,1505706338285989895,2022-03-20 19:42:20 CDT,2022-03-20,19:42:20,-0500,35328942,jeremyfaust,Jeremy Faust MD MS (ER physician),,I‚Äôm not saying we all need 4th doses.   But let‚Äôs keep in mind that many of us have had 20 or more doses of the seasonal flu vaccine.   So let‚Äôs just keep our chill intact.,en,[],[],[],3448,705,7866,[],[],https://twitter.com/jeremyfaust/status/1505706338285989895,False,,0,,,,,,,,[],,,,
1505699098954973188,1505699098954973188,2022-03-20 19:13:34 CDT,2022-03-20,19:13:34,-0500,4765364386,chuckcallesto,Chuck Callesto,,BREAKING REPORT: US Army Officially Begins Dishonorably DISCHARGING SOLDIERS Who Haven‚Äôt Taken The Vaccine...,en,[],[],[],2725,6967,11321,[],[],https://twitter.com/ChuckCallesto/status/1505699098954973188,False,,0,,,,,,,,[],,,,
1505550334248333316,1505550334248333316,2022-03-20 09:22:26 CDT,2022-03-20,09:22:26,-0500,34082620,jessekellydc,Jesse Kelly,,"‚ÄúWhoops, we counted too many deaths as COVID deaths.‚Äù  ‚ÄúWhoops, the vaccine doesn‚Äôt stop the spread.‚Äù  ‚ÄúWhoops, it also wears off in about 15 minutes.‚Äù  ‚ÄúWhoops, other treatments might actually work.‚Äù  None of this was an accident. Don‚Äôt buy any of this ‚Äúwhoops‚Äù crap.",en,[],[],[],943,21884,76846,[],[],https://twitter.com/JesseKellyDC/status/1505550334248333316,False,,0,,,,,,,,[],,,,
1505535350210498560,1505535350210498560,2022-03-20 08:22:53 CDT,2022-03-20,08:22:53,-0500,246120229,sid_seixeiro,Sid Seixeiro,,"Canada has one of the highest vaccination rates in the world. Vaccine Hunters, who are shutting down operations, played a big role in that. When the story of these last two years gets written I hope they‚Äôre given the respect they deserve.",en,[],[],[],284,1231,17140,[],[],https://twitter.com/Sid_Seixeiro/status/1505535350210498560,False,,0,,,,,,,,[],,,,
1505333601633669121,1505333601633669121,2022-03-19 19:01:13 CDT,2022-03-19,19:01:13,-0500,102594136,oneunderscore__,Ben Collins,,Many took ivermectin instead of a vaccine ‚Äî some left or refused to go to a hospital to take this and die at home.  People lied about this for a full year. And for what? Social media followers? Substack donations? They will never face a single consequence.  https://t.co/4gbhi5GoA3,en,[],['https://www.wsj.com/articles/ivermectin-didnt-reduce-covid-19-hospitalizations-in-largest-trial-to-date-11647601200'],[],543,5468,18412,[],[],https://twitter.com/oneunderscore__/status/1505333601633669121,False,,0,,,,,,,,[],,,,
1505305694467100676,1505305694467100676,2022-03-19 17:10:19 CDT,2022-03-19,17:10:19,-0500,1177439542921445377,ericg1247,Eric Garcia for Congress,,"If the government couldn't force people to get a vaccine, it can't force people to give birth.",en,[],[],[],958,7346,39824,[],[],https://twitter.com/EricG1247/status/1505305694467100676,False,,0,,,,,,,,[],,,,
1505251866350862338,1505251866350862338,2022-03-19 13:36:25 CDT,2022-03-19,13:36:25,-0500,1280478731874848769,nathaliejacoby1,Nathalie Jacoby,,"My husband wants us to go out to dinner with his friend and his wife, who are both anti-vaxxers.   I told him I am not comfortable doing that because they did not get the Covid vaccine.   Do YOU feel comfortable being around people you know who have NOT been vaccinated?",en,[],[],[],23794,1297,20403,[],[],https://twitter.com/nathaliejacoby1/status/1505251866350862338,False,,0,,,,,,,,[],,,,
1505213038584082435,1505213038584082435,2022-03-19 11:02:08 CDT,2022-03-19,11:02:08,-0500,49698134,joyannreid,Joy-Ann (Pro-Democracy) Reid üò∑,,"If you genuinely think the most important stories out there right now are Hunter Biden‚Äôs laptop and whatever the hell is on it and a handful of truckers wasting $5-a-gallon gas driving in circles because something something mask mandates and vaccines, I seriously suggest therapy.",en,[],[],[],1380,3562,27969,[],[],https://twitter.com/JoyAnnReid/status/1505213038584082435,False,,0,,,,,,,,[],,,,
1505065685969686528,1505065685969686528,2022-03-19 01:16:36 CDT,2022-03-19,01:16:36,-0500,1002193709092384768,cucumberchanel,üîª #FreeHimamaylan3,,"I asked one of my lola‚Äôs maids why she still wasn‚Äôt vaccinated. This was her reply (translated from Bisaya):  ‚ÄúWe all work on daily wages. If we experience side effects or get sick because of the vaccine, we lose potential paydays.‚Äù",en,[],[],[],10,1001,9622,[],[],https://twitter.com/cucumberchanel/status/1505065685969686528,False,,0,,,,,,,,[],,,,
1504927048158040071,1504927048158040071,2022-03-18 16:05:43 CDT,2022-03-18,16:05:43,-0500,29442313,sensanders,Bernie Sanders,,Corporate greed is Moderna giving its CEO a $923 million golden parachute &amp; handing out $360 million in stock options to 2 top executives after receiving $2.5 billion from U.S. taxpayers to develop its COVID vaccine &amp; refusing to share it with the world. We must end this greed.,en,[],[],[],1666,9337,42323,[],[],https://twitter.com/SenSanders/status/1504927048158040071,False,,0,,,,,,,,[],,,,
1504926576764506119,1504926576764506119,2022-03-18 16:03:50 CDT,2022-03-18,16:03:50,-0500,225265639,ddale8,Daniel Dale,,"Marjorie Taylor Greene: ""I have never seen the CDC coming out saying, ‚ÄòOh you've gotta get your second polio shot, you gotta get your third, you gotta get your fourth.‚Äô""  CDC website: ‚ÄúCDC recommends that children get four doses of polio vaccine.""  https://t.co/AU8on8bwJc",en,[],['https://www.reuters.com/article/factcheck-polio-cdc-vaccines/fact-check-the-cdc-does-recommend-four-doses-for-the-childhood-polio-vaccine-idUSL2N2VL1R4'],[],591,2524,13567,[],[],https://twitter.com/ddale8/status/1504926576764506119,False,,0,,,,,,,,[],,,,
1504859847854067734,1504859847854067734,2022-03-18 11:38:41 CDT,2022-03-18,11:38:41,-0500,152656121,mrjamesob,James Oh Brien,,"Rees-Mogg misled the Queen about the unlawful proroguing of Parliament, dismissed Brexit's betrayal of the fishing industry by wittering about 'British' fish being 'happier', led the abortive Owen Paterson rescue attempt &amp; continues to lie about vaccines. He's fluff personified.",en,[],[],[],588,4398,22627,[],[],https://twitter.com/mrjamesob/status/1504859847854067734,False,,0,,,,,,,,[],,,,
1504846213111234613,1504846213111234613,2022-03-18 10:44:30 CDT,2022-03-18,10:44:30,-0500,1267866658586136577,marcus4georgia,Marcus Flowers,,"Let me be clear: Vaccines work, and Marjorie Taylor Greene does not.",en,[],[],[],1770,5639,50896,[],[],https://twitter.com/Marcus4Georgia/status/1504846213111234613,False,,0,,,,,,,,[],,,,
1504804998953246753,1504804998953246753,2022-03-18 08:00:44 CDT,2022-03-18,08:00:44,-0500,247368688,blueboxdave,David Marcus,,It‚Äôs not Hunter‚Äôs laptop Lia Thomas is a woman Border agents whipped migrants Gas prices are Putin‚Äôs fault Inflation is temporary Vaccines prevent infection,en,[],[],[],930,2829,16049,[],[],https://twitter.com/BlueBoxDave/status/1504804998953246753,False,,0,,,,,,,,[],,,,
1504704999959396352,1504704999959396352,2022-03-18 01:23:22 CDT,2022-03-18,01:23:22,-0500,1243608074184605697,drjackskywatch1,MrSkyWatcher,,"Over 1,135,000 COVID vaccine injuries reported to VAERS including: 24,400 deaths 27,800 life-threatening events 34,500 myocarditis/pericarditis 40,000 severe allergic reactions 44,500 permanently disabled 120,00 urgent care visits 133,000 hospitalizations 176,000 Dr office visits",en,[],[],[],438,6493,9880,[],[],https://twitter.com/DrJackSKYWATCH1/status/1504704999959396352,False,,0,,,,,,,,[],,,,
1504634324565602320,1504634324565602320,2022-03-17 20:42:32 CDT,2022-03-17,20:42:32,-0500,713752653289955329,jdcocchiarella,Jack Cocchiarella,,Who else will 100% be getting a 4th COIVD vaccine when it‚Äôs available?,en,[],[],[],5089,3698,83693,[],[],https://twitter.com/JDCocchiarella/status/1504634324565602320,False,,0,,,,,,,,[],,,,
1504633741364371460,1504633741364371460,2022-03-17 20:40:13 CDT,2022-03-17,20:40:13,-0500,32871086,kylegriffin1,Kyle Griffin,,"WASHINGTON (AP) ‚Äî Moderna seeks FDA authorization for 4th dose of COVID-19 vaccine for all adults, broader than Pfizer request.",en,[],[],[],201,1640,9638,[],[],https://twitter.com/kylegriffin1/status/1504633741364371460,False,,0,,,,,,,,[],,,,
1504624449517150216,1504624449517150216,2022-03-17 20:03:17 CDT,2022-03-17,20:03:17,-0500,15801906,tristansnell,Tristan Snell,,"Marjorie Taylor Greene just said, on the House floor, that the CDC doesn‚Äôt advise multiple vaccine doses for polio.   In fact, the CDC recommends 4 doses of the polio vaccine for young children.",en,[],[],[],513,2237,12783,[],[],https://twitter.com/TristanSnell/status/1504624449517150216,False,,0,,,,,,,,[],,,,
1504593186802606081,1504593186802606081,2022-03-17 17:59:04 CDT,2022-03-17,17:59:04,-0500,1268223690480615424,noliewithbtc,No Lie with Brian Tyler Cohen,,"JUST IN: Marjorie Taylor Greene just went on the House floor to attack COVID vaccines by claiming she has ‚Äúnever seen the CDC‚Äù recommend a 2nd and 3rd shot for polio. Actually, the CDC recommends FOUR doses of the polio vaccine ‚Äî at 2 months, 4 months, 6-18 months, and 4-6 years.",en,[],[],[],5993,24498,151976,[],[],https://twitter.com/NoLieWithBTC/status/1504593186802606081,False,,0,,,,,,,,[],,,,
1504248589567942659,1504248589567942659,2022-03-16 19:09:45 CDT,2022-03-16,19:09:45,-0500,1437888325579247616,captaincadets,üá®üá¶Captainüá®üá¶,,BREAKING!!! Everything but the vaccine has been linked to heart attack and stroke!,en,[],[],[],193,2658,10532,[],[],https://twitter.com/Captaincadets/status/1504248589567942659,False,,0,,,,,,,,[],,,,
1504220528265027592,1504220528265027592,2022-03-16 17:18:15 CDT,2022-03-16,17:18:15,-0500,25913049,armanddoma,Armand Domalewski,,"Putin's array of yes men convincing him his military was far more capable than it actually was and Xi's propaganda campaign against Western mRNA vaccines forcing him to rely on COVID Zero are powerful reminders that, as messy as it can be, an open democratic discourse is superior",en,[],[],[],265,3398,22637,[],[],https://twitter.com/ArmandDoma/status/1504220528265027592,False,,0,,,,,,,,[],,,,
1504200930530578438,1504200930530578438,2022-03-16 16:00:23 CDT,2022-03-16,16:00:23,-0500,4765364386,chuckcallesto,Chuck Callesto,,"BREAKING REPORT: Trucker Convoy HITS DC HIGHWAYS, won't leave until DEMAND TO END FEDERAL VACCINE mandates are met..",en,[],[],[],175,2858,10614,[],[],https://twitter.com/ChuckCallesto/status/1504200930530578438,False,,0,,,,,,,,[],,,,
1504190096748199940,1504190096748199940,2022-03-16 15:17:20 CDT,2022-03-16,15:17:20,-0500,1190453118,rowanneeeles,Ro,,"For anyone who thinks they are ‚Äòimmune‚Äô to covid, I‚Äôve had it 3 times, have both natural+vaccine antibodies on my SIREN study blood tests+am triple vaxxed. Only 6 weeks between 2nd+3rd infections üòµ‚Äçüí´ü¶† üò∑@trishgreenhalgh @devisridhar @DrEricDing @chrischirp @timspector #covid",en,"[{'screen_name': 'trishgreenhalgh', 'name': 'trisha greenhalgh #istandwithukraine üá∫üá¶', 'id': '462021312'}, {'screen_name': 'devisridhar', 'name': 'prof. devi sridhar', 'id': '174151902'}, {'screen_name': 'drericding', 'name': 'eric feigl-ding', 'id': '18831926'}, {'screen_name': 'chrischirp', 'name': 'prof. christina pagel üá∫üá¶', 'id': '84035041'}, {'screen_name': 'timspector', 'name': 'tim spector md (prof)', 'id': '143629076'}]",[],[],521,3188,10081,['covid'],[],https://twitter.com/RowanneEeles/status/1504190096748199940,False,,0,,,,,,,,[],,,,
1504172383908868101,1504172383908868101,2022-03-16 14:06:57 CDT,2022-03-16,14:06:57,-0500,2382229472,michaelpbreton,michael breton,,"Oh, my. 1 hour ago.  Ukraine just silently announced it‚Äôs the first country to implement the WEF's ‚ÄòGreat Reset‚Äô by setting up a Social Credit Application combining Universal Basic Income (UBI), a Digital Identity &amp; a Vaccine Passport all within their Diia app.",en,[],[],[],2397,13614,24537,[],[],https://twitter.com/michaelpbreton/status/1504172383908868101,False,,0,,,,,,,,[],,,,
1503949505699336197,1503949505699336197,2022-03-15 23:21:18 CDT,2022-03-15,23:21:18,-0500,18839785,narendramodi,Narendra Modi,,"Today is an important day in India‚Äôs efforts to vaccinate our citizens. Now onwards, youngsters in the 12-14 age group are eligible for vaccines and all those above 60 are eligible for precaution doses. I urge people in these age groups to get vaccinated.",en,[],[],[],1052,9193,49228,[],[],https://twitter.com/narendramodi/status/1503949505699336197,False,,0,,,,,,,,[],,,,
